{
    "format_version": "1.12",
    "minecraft:recipe_shapeless": {
        "description": {
            "identifier": "dfsteve:action6"
        },
        "ingredients": [
            {
                "count": 1,
                "data": 0,
                "item": "dfsteve:armor_action"
            }
        ],
        "result": {
            "count": 1,
            "data": 0,
            "item": "dfsteve:armor_action6"
        },
        "tags": [
            "crafting_table"
        ]
    }
}