{
    "groups":[
        {
            "group_name":"itemGroup.name.dye", 
            "icon" : "dfsteve:armor_color", 
            "list":[
                "dfsteve:armor_color"
            ]
        },
        {
            "group_name":"NPC盔甲架", 
            "icon" : "dfsteve:armor_steve", 
            "list":[
                "dfsteve:armor_alex",
                "dfsteve:armor_steve"
            ]
        },
        {
            "group_name":"调试道具", 
            "icon" : "dfsteve:armor_nohand", 
            "list":[
                "dfsteve:armor_cut",
                "dfsteve:armor_addcut",
                "dfsteve:armor_addaddcut",
                "dfsteve:armor_clear",
                "dfsteve:armor_wool",
                "dfsteve:armor_addwool",
                "dfsteve:armor_addaddwool",
                "dfsteve:armor_addaddaddwool",
                "dfsteve:armor_titan",
                "dfsteve:armor_motor",
                "dfsteve:armor_comehere",
                "dfsteve:armor_theworld",
                "dfsteve:armor_nohand"
            ]
        },
        {
            "group_name":"调试扳手", 
            "icon" : "dfsteve:armor_action", 
            "list":[
                "dfsteve:armor_action",
                "dfsteve:armor_action0",
                "dfsteve:armor_action1",
                "dfsteve:armor_action2",
                "dfsteve:armor_action3",
                "dfsteve:armor_action4",
                "dfsteve:armor_action5",
                "dfsteve:armor_action6",
                "dfsteve:armor_action7",
                "dfsteve:armor_action8",
                "dfsteve:armor_action9",
                "dfsteve:armor_action10",
                "dfsteve:armor_action11",
                "dfsteve:armor_action12",
                "dfsteve:armor_action13",
                "dfsteve:armor_action14",
                "dfsteve:armor_action15",
                "dfsteve:armor_action16",
                "dfsteve:armor_action17",
                "dfsteve:armor_action18",
                "dfsteve:armor_action19",
                "dfsteve:armor_action20",
                "dfsteve:armor_action21",
                "dfsteve:armor_action22",
                "dfsteve:armor_action23",
                "dfsteve:armor_action24",
                "dfsteve:armor_action25",
                "dfsteve:armor_action26",
                "dfsteve:armor_action27",
                "dfsteve:armor_action28"
            ]
        },
        {
            "group_name":"芯片组", 
            "icon" : "dfsteve:armor_cpu", 
            "list":[
                "dfsteve:armor_cpu",
                "dfsteve:armor_chest",
                "dfsteve:armor_tatakai",
                "dfsteve:armor_shoot",
                "dfsteve:armor_wild",
                "dfsteve:armor_trader_farmer",
                "dfsteve:armor_trader_fisherman",
                "dfsteve:armor_trader_shepherd",
                "dfsteve:armor_trader_fletcher",
                "dfsteve:armor_trader_librarian",
                "dfsteve:armor_trader_cartographer",
                "dfsteve:armor_trader_cleric",
                "dfsteve:armor_trader_armorer",
                "dfsteve:armor_trader_weaponsmith",
                "dfsteve:armor_trader_toolsmith",
                "dfsteve:armor_trader_butcher",
                "dfsteve:armor_trader_leatherworker",
                "dfsteve:armor_trader_mason",
                "dfsteve:armor_trader_wandering_trader"
            ]
        },
        {
            "group_name":"粗手臂皮肤包(请对着史蒂夫盔甲架使用,直接放是放不下来的！！）", 
            "icon" : "dfsteve:armor_item4", 
            "list":[
                "dfsteve:armor_item1",
                "dfsteve:armor_item2",
                "dfsteve:armor_item3",
                "dfsteve:armor_item4",
                "dfsteve:armor_item5",
                "dfsteve:armor_item6",
                "dfsteve:armor_item7",
                "dfsteve:armor_item8",
                "dfsteve:armor_item9",
                "dfsteve:armor_item10",
                "dfsteve:armor_item11",
                "dfsteve:armor_item12",
                "dfsteve:armor_item13",
                "dfsteve:armor_item14",
                "dfsteve:armor_item15",
                "dfsteve:armor_item16",
                "dfsteve:armor_item17",
                "dfsteve:armor_item18",
                "dfsteve:armor_item19",
                "dfsteve:armor_item20",
                "dfsteve:armor_item21",
                "dfsteve:armor_item22",
                "dfsteve:armor_item23",
                "dfsteve:armor_item24",
                "dfsteve:armor_item25",
                "dfsteve:armor_item26",
                "dfsteve:armor_item27",
                "dfsteve:armor_item28",
                "dfsteve:armor_item29",
                "dfsteve:armor_item30",
                "dfsteve:armor_item31",
                "dfsteve:armor_item32",
                "dfsteve:armor_item33",
                "dfsteve:armor_item34",
                "dfsteve:armor_item35",
                "dfsteve:armor_item36"
            ]
        },
        {
            "group_name":"细手臂皮肤包（请对着艾利克斯盔甲架使用,直接放是放不下来的！！）", 
            "icon" : "dfsteve:armor_item_1", 
            "list":[
                "dfsteve:armor_item_1",
                "dfsteve:armor_item_2",
                "dfsteve:armor_item_3",
                "dfsteve:armor_item_4",
                "dfsteve:armor_item_5",
                "dfsteve:armor_item_6",
                "dfsteve:armor_item_7",
                "dfsteve:armor_item_8",
                "dfsteve:armor_item_9",
                "dfsteve:armor_item_10",
                "dfsteve:armor_item_11",
                "dfsteve:armor_item_12",
                "dfsteve:armor_item_13",
                "dfsteve:armor_item_14",
                "dfsteve:armor_item_15",
                "dfsteve:armor_item_16",
                "dfsteve:armor_item_17",
                "dfsteve:armor_item_18",
                "dfsteve:armor_item_19",
                "dfsteve:armor_item_20",
                "dfsteve:armor_item_21",
                "dfsteve:armor_item_22",
                "dfsteve:armor_item_23",
                "dfsteve:armor_item_24",
                "dfsteve:armor_item_25",
                "dfsteve:armor_item_26",
                "dfsteve:armor_item_27",
                "dfsteve:armor_item_28",
                "dfsteve:armor_item_29",
                "dfsteve:armor_item_30",
                "dfsteve:armor_item_31",
                "dfsteve:armor_item_32",
                "dfsteve:armor_item_33",
                "dfsteve:armor_item_34",
                "dfsteve:armor_item_35",
                "dfsteve:armor_item_36",
                "dfsteve:armor_item_37"
            ]
        }
    ]
}