{
    "format_version": "1.10.0",
    "minecraft:client_entity": {
      "description": {
        "identifier": "dfsteve:armor_alex",
        "materials": {
          "default": "entity_alphatest"
        },
        "textures": {
            "default": "textures/entity/armor_stand/alex/armor_alex",
            "a": "textures/entity/armor_stand/alex/armor_alex_1",
            "b": "textures/entity/armor_stand/alex/armor_alex_2",
            "c": "textures/entity/armor_stand/alex/armor_alex_3",
            "d": "textures/entity/armor_stand/alex/armor_alex_4",
            "e": "textures/entity/armor_stand/alex/armor_alex_5",
            "f": "textures/entity/armor_stand/alex/armor_alex_6",
            "g": "textures/entity/armor_stand/alex/armor_alex_7",
            "h": "textures/entity/armor_stand/alex/armor_alex_8",
            "i": "textures/entity/armor_stand/alex/armor_alex_9",
            "j": "textures/entity/armor_stand/alex/armor_alex_10",
            "k": "textures/entity/armor_stand/alex/armor_alex_11",
            "l": "textures/entity/armor_stand/alex/armor_alex_12",
            "m": "textures/entity/armor_stand/alex/armor_alex_13",
            "n": "textures/entity/armor_stand/alex/armor_alex_14",
            "o": "textures/entity/armor_stand/alex/armor_alex_15",
            "p": "textures/entity/armor_stand/alex/armor_alex_16",
            "q": "textures/entity/armor_stand/alex/armor_alex_17",
            "r": "textures/entity/armor_stand/alex/armor_alex_18",
            "s": "textures/entity/armor_stand/alex/armor_alex_19",
            "t": "textures/entity/armor_stand/alex/armor_alex_20",
            "u": "textures/entity/armor_stand/alex/armor_alex_21",
            "v": "textures/entity/armor_stand/alex/armor_alex_22",
            "w": "textures/entity/armor_stand/alex/armor_alex_23",
            "x": "textures/entity/armor_stand/alex/armor_alex_24",
            "y": "textures/entity/armor_stand/alex/armor_alex_25",
            "z": "textures/entity/armor_stand/alex/armor_alex_26",
            "za": "textures/entity/armor_stand/alex/armor_alex_27",
            "zb": "textures/entity/armor_stand/alex/armor_alex_28",
            "zc": "textures/entity/armor_stand/alex/armor_alex_29",
            "zd": "textures/entity/armor_stand/alex/armor_alex_30",
            "ze": "textures/entity/armor_stand/alex/armor_alex_31",
            "zf": "textures/entity/armor_stand/alex/armor_alex_32",
            "zg": "textures/entity/armor_stand/alex/armor_alex_33",
            "zh": "textures/entity/armor_stand/alex/armor_alex_34",
            "zi": "textures/entity/armor_stand/alex/armor_alex_35",
            "zj": "textures/entity/armor_stand/alex/armor_alex_36",
            "zk": "textures/entity/armor_stand/alex/armor_alex_37",
            "pqf_heimaoshaonv": "textures/entity/PanQifengDLC/pqf_heimaoshaonv",
            "pqf_himnv": "textures/entity/PanQifengDLC/pqf_himnv",
            "pqf_huasheng": "textures/entity/PanQifengDLC/pqf_huasheng",
            "pqf_jiran": "textures/entity/PanQifengDLC/pqf_jiran",
            "pqf_kongcha": "textures/entity/PanQifengDLC/pqf_kongcha",
            "pqf_lingjiang": "textures/entity/PanQifengDLC/pqf_lingjiang",
            "pqf_lingxue": "textures/entity/PanQifengDLC/pqf_lingxue",
            "pqf_qiuyuehusan": "textures/entity/PanQifengDLC/pqf_qiuyuehusan",
            "pqf_shixuemei": "textures/entity/PanQifengDLC/pqf_shixuemei",
            "pqf_yueli": "textures/entity/PanQifengDLC/pqf_yueli",
            "vtuber_a": "textures/entity/vtubersdlc/vtuber_a",
            "vtuber_b": "textures/entity/vtubersdlc/vtuber_b",
            "vtuber_c": "textures/entity/vtubersdlc/vtuber_c",
            "vtuber_d": "textures/entity/vtubersdlc/vtuber_d",
            "vtuber_e": "textures/entity/vtubersdlc/vtuber_e",
            "vtuber_f": "textures/entity/vtubersdlc/vtuber_f",
            "vtuber_g": "textures/entity/vtubersdlc/vtuber_g",
            "vtuber_h": "textures/entity/vtubersdlc/vtuber_h",
            "vtuber_i": "textures/entity/vtubersdlc/vtuber_i"
          },
          "animations": {
            "default_pose": "animation.dfsteve_armor.default_pose",
            "kawaii": "animation.dfsteve_armor.kawaii",
            "solemn_pose": "animation.dfsteve_armor.solemn_pose",
            "athena_pose": "animation.dfsteve_armor.athena_pose",
            "brandish_pose": "animation.dfsteve_armor.brandish_pose",
            "honor_pose": "animation.dfsteve_armor.honor_pose",
            "entertain_pose": "animation.dfsteve_armor.entertain_pose",
            "salute_pose": "animation.dfsteve_armor.salute_pose",
            "riposte_pose": "animation.dfsteve_armor.riposte_pose",
            "zombie_pose": "animation.dfsteve_armor.zombie_pose",
            "cancan_a_pose": "animation.dfsteve_armor.cancan_a_pose",
            "cancan_b_pose": "animation.dfsteve_armor.cancan_b_pose",
            "hero_pose": "animation.dfsteve_armor.hero_pose",
            "wiggle": "animation.dfsteve_armor.wiggle",
            "qitao": "animation.dfsteve_armor.qitao_pose",
            "hello": "animation.dfsteve_armor.hello_pose",
            "jojo": "animation.dfsteve_armor.jojo_pose",
            "dontstop": "animation.dfsteve_armor.dontstop_pose",
            "bata": "animation.dfsteve_armor.bata_pose",
            "sneak": "animation.dfsteve_armor.sneak_pose",
            "sleep": "animation.dfsteve_armor.sleep_pose",
            "sleep2": "animation.dfsteve_armor.sleep2_pose",
            "houbunjump": "animation.dfsteve_armor.houbunjump_pose",
            "yee": "animation.dfsteve_armor.yee_pose",
            "run": "animation.dfsteve_armor.run_pose",
            "controller.pose": "controller.animation.dfsteve_armor.pose",
            "controller.wiggling": "controller.animation.dfsteve_armor.wiggle",
            "move": "animation.dfsteve_armor.move",
            "controller.armor_move": "controller.animation.dfsteve_armor.move",
            "controller.armor_shoot": "controller.animation.dfsteve_armor.shoot",
            "theworld": "controller.animation.theworld",
            "armor_theworld": "animation.humanoid.move",
            "stop": "animation.dfsteve_armor.stop",
            "saber": "animation.dfsteve_armor.saber_pose",
            "swim": "animation.armor.swim",
            "shoot": "animation.armor.shoot"
          },
          "scripts": {
            "initialize": [
              "variable.armor_stand.pose_index = 0;",
              "variable.armor_stand.hurt_time = 0;"
            ],
            "animate": [
              "controller.pose",
              "controller.wiggling",
              "controller.armor_move",
              "controller.armor_shoot",
              "theworld"
            ]
          },
          "geometry": {
            "default": "geometry.armor_alex",
              "cape": "geometry.cape"
          },
          "render_controllers": [ "controller.render.armor_alex" ],
          "enable_attachables": true
        }
      }
    }
