{
    "parent": "log",
    "icon": "textures/items/armor_talk",
    "title": "组件更新日志",
    "sortnum":"1",
    "pages":[
        {
            "type": "textPage",
            "subtitle": "感谢支持！！ヾ(≧▽≦*)o",
            "content": "感谢支持！！ヾ(≧▽≦*)o组件问题及建议或者投稿皮肤欢迎访问我的个人博客：www.dfsteve.top"
        },
        {
            "type": "textPage",
            "subtitle": "更新日志",
            "content": "2023.1.21更新内容：受审核政策更改影响，更改了部分皮肤的名字。"
        },
        {
            "type": "textPage",
            "subtitle": "更新日志",
            "content": "2023.1.19更新内容：新增了一款细手臂皮肤：花绸丝触。"
        },
        {
            "type": "textPage",
            "subtitle": "更新日志",
            "content": "2022.12.23更新内容：新增了一款细手臂皮肤（护士）和两款粗手臂皮肤（医生，37号）。"
        },
        {
            "type": "textPage",
            "subtitle": "更新日志",
            "content": "2022.12.16更新内容：为盔甲架添加了实体命名。新增了两个姿势：拦截，后仰撑地。"
        },
        {
            "type": "textPage",
            "subtitle": "更新日志",
            "content": "2022.11.27更新内容：新增了一个动作：拔剑。"
        },
        {
            "type": "textPage",
            "subtitle": "更新日志",
            "content": "2022.11.1 修复了盔甲架位于“立正”姿势时会缓慢旋转的问题，新增了一款芯片：狂暴芯片，对装载了战斗芯片的盔甲架使用可以提高移速和大幅增加攻击伤害。"
        },
        {
            "type": "textPage",
            "subtitle": "更新日志",
            "content": "2022.9.25 修复了装载战斗芯片的盔甲架容易被怪卡住的问题，现在具有了可以被推动的碰撞箱。"
        },
        {
            "type": "textPage",
            "subtitle": "更新日志",
            "content": "2022.9.24 新增了一款芯片：射击芯片，对盔甲架安装以后盔甲架可以远程打怪。新增了三款细手臂皮肤：栀酥，喵涵，小鱼。为盔甲架加入了游泳动画。"
        },
        {
            "type": "textPage",
            "subtitle": "更新日志",
            "content": "2022.8.27 新增了一个新道具：遥控器。可以让装载了动力马达的盔甲架跟随手持遥控器的玩家。新增了一款芯片：存储芯片，对盔甲架安装以后盔甲架可以存放物品。微调了战斗芯片的使用效果"
        },
        {
            "type": "textPage",
            "subtitle": "更新日志",
            "content": "2022.8.21 新增了一个新动作：奔跑。添加了更多的拆线剪刀和填充线团，现在可以让盔甲架变得像巨人一样大或者蚂蚁一样小了。添加了新物品：芯片组。不同的芯片可以给盔甲架不同的能力。战斗芯片可以让盔甲架帮你打怪。交易芯片可以让盔甲架变得像村民一样可以交易物品。"
        },
        {
            "type": "textPage",
            "subtitle": "更新日志",
            "content": "给使用指南加入了合成配方：一张纸。现在玩家在生存模式也能查看使用指南了。"
        },
        {
            "type": "textPage",
            "subtitle": "更新日志",
            "content": "2022.8.7 更新内容：将提示使用方法的道具升级为了使用指南，玩家可以查看本组件的使用方法。优化了动力马达，现在使用动力马达以后盔甲架会更频繁的活动。增加了对dlc扩展程序的支持。"
        },
        {
            "type": "textPage",
            "subtitle": "更新日志",
            "content": "2022.7.17 更新内容：新增了一款隐藏皮肤，用命名牌将史蒂夫盔甲架命名为technoblade触发。修复了“伊集”皮肤无法切换的问题。"
        },
        {
            "type": "textPage",
            "subtitle": "更新日志",
            "content": "2022.7.9 更新内容：新增了一款steve皮肤：杏仁豆腐。"
        },
        {
            "type": "textPage",
            "subtitle": "更新日志",
            "content": "2022.6.9 更新内容：新增了两款alex皮肤：甜筒，极乐特区。\n2022.6.6 更新内容：调整了部分皮肤的纹理贴图，新增了一款steve新皮肤：方块轩。"
        },
        {
            "type": "textPage",
            "subtitle": "更新日志",
            "content": "2022.4.29 更新内容；新增了九款细手臂皮肤。新增了一个新姿势：四脚着地。\n2022.4.16 更新内容：为男女各新增了4款皮肤，一共新增了8款皮肤。将所有道具进行了分类。将NPC盔甲架的物品栏位置从【物品】迁移至【装备】。增加了一个提示使用方法的道具。"
        }
    ]    
}