{
    "format_version": "1.12",
    "minecraft:recipe_shaped": {
        "description": {
            "identifier": "dfsteve:armor_comehere"
        },
        "key": {
            "B": {
                "data": 0,
                "item": "minecraft:iron_ingot"
            },
            "A": {
                "data": 0,
                "item": "minecraft:redstone"
            }
        },
        "pattern": [
            "A",
            "B",
            "B"
        ],
        "result": {
            "count": 1,
            "data": 0,
            "item": "dfsteve:armor_comehere"
        },
        "tags": [
            "crafting_table"
        ]
    }
}