{
  "format_version": "1.8.0",
  "render_controllers": {
    "controller.render.armor_alex": {
      "arrays": {
        "textures": { 
          "Array.skins": [ 
            "Texture.default",
            "Texture.a",
            "Texture.b",
            "Texture.c",
            "Texture.d",
            "Texture.e",
            "Texture.f",
            "Texture.g",
            "Texture.h",
            "Texture.i",
            "Texture.j",
            "Texture.k",
            "Texture.l",
            "Texture.m",
            "Texture.n",
            "Texture.o",
            "Texture.p",
            "Texture.q",
            "Texture.r",
            "Texture.s",
            "Texture.t",
            "Texture.u",
            "Texture.v",
            "Texture.w",
            "Texture.x",
            "Texture.y",
            "Texture.z",
            "Texture.za",
            "Texture.zb",
            "Texture.zc",
            "Texture.zd",
            "Texture.ze",
            "Texture.zf",
            "Texture.zg",
            "Texture.zh",
            "Texture.zi",
            "Texture.zj",
            "Texture.zk",
            "Texture.pqf_heimaoshaonv",
            "Texture.pqf_himnv",
            "Texture.pqf_huasheng",
            "Texture.pqf_jiran",
            "Texture.pqf_kongcha",
            "Texture.pqf_lingjiang",
            "Texture.pqf_lingxue",
            "Texture.pqf_qiuyuehusan",
            "Texture.pqf_shixuemei",
            "Texture.pqf_yueli",
            "Texture.vtuber_a",
            "Texture.vtuber_b",
            "Texture.vtuber_c",
            "Texture.vtuber_d",
            "Texture.vtuber_e",
            "Texture.vtuber_f",
            "Texture.vtuber_g",
            "Texture.vtuber_h",
            "Texture.vtuber_i"
          ]
        }
      },
      "geometry": "Geometry.default",
      "materials": [ { "*": "Material.default" } ],
      "textures": [ "Array.skins[query.variant]" ],
         "overlay_color": {
        "r": "this",
        "g": "this",
        "b": "this",
        "a": "0.0"
      }
    }
  }
}
