{
    "parent": "skin",
    "icon": "textures/items/dfsteve_armor_item_1",
    "title": "细手臂皮肤包",
    "sortnum":"1",
    "pages":[
        {
            "type": "imagePage",
            "subtitle": "描述",
            "content": "手臂粗细为3的皮肤包（一般是女生），图标左下角有♀符号。需要对着艾利克斯盔甲架使用来更换皮肤",
            "image": "textures/items/dfsteve_armor_item_1",
            "info": "细手臂皮肤包"
        },
        {
            "type": "textPage",
            "subtitle": "合成表",
            "content": "和粗手臂皮肤包一样"
        }
    ]    
}