{
    "parent": "items",
    "icon": "textures/items/armor_addaddaddwool",
    "title": "填充线团III",
    "sortnum":"33",
    "pages":[
        {
            "type": "imagePage",
            "subtitle": "描述",
            "content": "让盔甲架变得更大+3",
            "image": "textures/items/armor_addaddaddwool",
            "info": "填充线团III"
        },
        {
            "type": "imagePage",
            "subtitle": "合成配方",
            "content": "填充线团II和两根线",
            "image": "textures/craft/armor_wool4",
            "info": "填充线团III"
        }
    ]    
}