{
    "parent": "items",
    "icon": "textures/items/armor_addcut",
    "title": "拆线剪刀I",
    "sortnum":"11",
    "pages":[
        {
            "type": "imagePage",
            "subtitle": "描述",
            "content": "可以让盔甲架的大小变得更小",
            "image": "textures/items/armor_addcut",
            "info": "拆线剪刀I"
        },
        {
            "type": "imagePage",
            "subtitle": "合成配方",
            "content": "拆线剪刀+铁锭",
            "image": "textures/craft/armor_cut2",
            "info": "拆线剪刀I"
        }
    ]    
}