{
    "format_version": "1.10",
    "minecraft:item": {
        "components": {
            "minecraft:max_damage": 50,
            "minecraft:max_stack_size": 1,
            "netease:weapon": {
                "attack_damage": 3,
                "enchantment": 3,
                "level": 0,
                "type": ""
            }
        },
        "description": {
            "category": "Equipment",
            "identifier": "dfsteve:armor_cut",
            "register_to_create_menu": true
        }
    }
}