{
    "format_version": "1.12",
    "minecraft:recipe_shaped": {
        "description": {
            "identifier": "dfsteve:armor_titan"
        },
        "key": {
            "B": {
                "data": 0,
                "item": "minecraft:string"
            },
            "A": {
                "data": 0,
                "item": "dfsteve:armor_addaddaddwool"
            }
        },
        
        "pattern": [
            "B ",
            "AB"
        ],
        "result": {
            "count": 1,
            "data": 0,
            "item": "dfsteve:armor_titan"
        },
        "tags": [
            "crafting_table"
        ]
    }
}