{
  "format_version": "1.8.0",
  "render_controllers": {
    "controller.render.armor_steve": {
      "arrays": {
        "textures": { 
          "Array.skins": [ 
            "Texture.default",
            "Texture.a",
            "Texture.b",
            "Texture.c",
            "Texture.d",
            "Texture.e",
            "Texture.f",
            "Texture.g",
            "Texture.h",
            "Texture.i",
            "Texture.j",
            "Texture.k",
            "Texture.l",
            "Texture.m",
            "Texture.n",
            "Texture.o",
            "Texture.p",
            "Texture.q",
            "Texture.r",
            "Texture.s",
            "Texture.t",
            "Texture.u",
            "Texture.v",
            "Texture.w",
            "Texture.x",
            "Texture.y",
            "Texture.z",
            "Texture.za",
            "Texture.zb",
            "Texture.zc",
            "Texture.zd",
            "Texture.ze",
            "Texture.zf",
            "Texture.zg",
            "Texture.zh",
            "Texture.zi",
            "Texture.zj",
            "Texture.technoblade",
            "Texture.citydlc_303",
            "Texture.citydlc_tnt",
            "Texture.citydlc_dream",
            "Texture.pqf_aidi",
            "Texture.pqf_diyu303",
            "Texture.pqf_mochen",
            "Texture.pqf_moyingwang",
            "Texture.pqf_moyingzhanshen",
            "Texture.pqf_shiti303",
            "Texture.pqf_tezhonghim",
            "Texture.pqf_xiaoheizihim"
          ]
        }
      },
      "geometry": "Geometry.default",
      "materials": [ { "*": "Material.default" } ],
      "textures": [ "Array.skins[query.variant]" ],
         "overlay_color": {
        "r": "this",
        "g": "this",
        "b": "this",
        "a": "0.0"
      }
    }
  }
}
