{
    "format_version": "1.12",
    "minecraft:recipe_shaped": {
        "description": {
            "identifier": "dfsteve:skin65"
        },
        "key": {
            "B": {
                "data": 0,
                "item": "dfsteve:armor_color"
            },
            "C": {
                "data": 0,
                "item": "minecraft:paper"
            },
            "D": {
                "data": 0,
                "item": "minecraft:leather"
            }
        },
        "pattern": [
            "C",
            "B",
            "D"
        ],
        "result": {
            "count": 1,
            "data": 0,
            "item": "dfsteve:armor_item_31"
        },
        "tags": [
            "crafting_table"
        ]
    }
}