{
    "format_version": "1.12",
    "minecraft:recipe_shaped": {
        "description": {
            "identifier": "dfsteve:skin36"
        },
        "key": {
            "#": {
                "data": 0,
                "item": "dfsteve:armor_color"
            },
            "@": {
                "data": 0,
                "item": "minecraft:paper"
            },
            "&": {
                "data": 0,
                "item": "minecraft:leather"
            }
        },
        "pattern": [
            "@",
            "#",
            "&"
        ],
        "result": {
            "count": 1,
            "data": 0,
            "item": "dfsteve:armor_item20"
        },
        "tags": [
            "crafting_table"
        ]
    }
}